n_reps,opps_covered,revenue_retained,gross_margin_retained,sales_effort_cost,commission_cost,acquisition_cost,serving_cost,salesforce_cost,net_margin,net_margin_vs_baseline,revenue_share_retained,contribution_share_of_baseline,cost_share_of_baseline,marginal_revenue_last_batch,marginal_cost_last_rep,marginal_roi,baseline_reps,baseline_cost,baseline_revenue,baseline_gross_margin,baseline_effort_cost,baseline_commission_cost,baseline_acquisition_cost,baseline_serving_cost,baseline_total_cost,baseline_contribution
1,100,20385231.0,13228477.200000001,135000.0,1426966.17,224700.0,1630818.4799999997,3417484.6499999994,9810992.55,-110858153.76,0.05295750933220371,0.08130489731646466,0.025810016150681646,9810992.55,3417484.6499999994,2.870822711668947,228,30780000,384935607.0,253078387.36,30780000.0,26945492.490000002,43888900.0,30794848.56,132409241.05000001,120669146.31
2,200,35855025.0,23203747.86,270000.0,2509851.75,453900.0,2868402.0,6102153.75,17101594.11,-103567552.2,0.0931455140755529,0.14172300569746193,0.04608555793848045,7290601.5600000005,2684669.0999999996,2.7156425199664276,228,30780000,384935607.0,253078387.36,30780000.0,26945492.490000002,43888900.0,30794848.56,132409241.05000001,120669146.31
3,300,45941462.0,29733631.630000003,405000.0,3215902.34,684100.0,3675316.96,7980319.3,21753312.330000002,-98915833.98,0.11934843429540151,0.18027236452071657,0.06027010831507216,4651718.22,1878165.5499999998,2.476734928931052,228,30780000,384935607.0,253078387.36,30780000.0,26945492.490000002,43888900.0,30794848.56,132409241.05000001,120669146.31
4,400,56272094.0,36504360.43,540000.0,3939046.58,907800.0,4501767.52,9888614.1,26615746.330000002,-94053399.98,0.14618573334526572,0.22056795082998215,0.0746822051209091,4862434.0,1908294.8,2.5480517999629826,228,30780000,384935607.0,253078387.36,30780000.0,26945492.490000002,43888900.0,30794848.56,132409241.05000001,120669146.31
5,500,65991131.0,42828141.55,675000.0,4619379.17,1134800.0,5279290.48,11708469.65,31119671.899999995,-89549474.41000001,0.1714342082155055,0.25789253385495337,0.08842637837927551,4503925.57,1819855.5500000003,2.4748808057870306,228,30780000,384935607.0,253078387.36,30780000.0,26945492.490000002,43888900.0,30794848.56,132409241.05000001,120669146.31
6,600,77765924.0,50502122.11,810000.0,5443614.68,1353200.0,6221273.92,13828088.6,36674033.51,-83995112.80000001,0.20202320228588258,0.30392220904409245,0.1044344676424682,5554361.609999999,2119618.95,2.620452893195732,228,30780000,384935607.0,253078387.36,30780000.0,26945492.490000002,43888900.0,30794848.56,132409241.05000001,120669146.31
7,700,86581638.0,56286673.29,945000.0,6060714.66,1577600.0,6926531.04,15509845.7,40776827.589999996,-79892318.72,0.22492499115572856,0.33792256626432077,0.11713567404365088,4102794.0799999996,1681757.1,2.4395877858936936,228,30780000,384935607.0,253078387.36,30780000.0,26945492.490000002,43888900.0,30794848.56,132409241.05000001,120669146.31
8,800,96329126.0,62629537.35,1080000.0,6743038.82,1796800.0,7706330.079999999,17326168.9,45303368.45,-75365777.86,0.25024737708922834,0.3754345649683747,0.1308531697833487,4526540.86,1816323.2000000002,2.492145043349113,228,30780000,384935607.0,253078387.36,30780000.0,26945492.490000002,43888900.0,30794848.56,132409241.05000001,120669146.31
9,900,106079903.0,69026610.81,1215000.0,7425593.210000001,2010650.0,8486392.24,19137635.450000003,49888975.36,-70780170.95,0.2755783073089417,0.413436051265622,0.14453398643659093,4585606.91,1811466.55,2.531433390254984,228,30780000,384935607.0,253078387.36,30780000.0,26945492.490000002,43888900.0,30794848.56,132409241.05000001,120669146.31
10,1000,112924301.0,73563119.1,1350000.0,7904701.07,2226250.0,9033944.08,20514895.15,53048223.949999996,-67620922.36000001,0.29335893834316035,0.4396171314058913,0.15493552404135616,3159248.59,1377259.7000000002,2.2938655578174543,228,30780000,384935607.0,253078387.36,30780000.0,26945492.490000002,43888900.0,30794848.56,132409241.05000001,120669146.31
11,1100,118634930.0,77303135.94,1485000.0,8304445.1,2436250.0,9490794.4,21716489.5,55586646.440000005,-65082499.87,0.30819422220922266,0.4606533495910998,0.16401037667604695,2538422.49,1201594.35,2.112545294508084,228,30780000,384935607.0,253078387.36,30780000.0,26945492.490000002,43888900.0,30794848.56,132409241.05000001,120669146.31
12,1200,124591334.0,81279036.36,1620000.0,8721393.379999999,2643150.0,9967306.72,22951850.1,58327186.260000005,-62341960.05,0.32366798948791453,0.4833645388536768,0.1733402436113427,2740539.8200000003,1235360.6,2.218412842371693,228,30780000,384935607.0,253078387.36,30780000.0,26945492.490000002,43888900.0,30794848.56,132409241.05000001,120669146.31
13,1300,132234409.0,86277485.26,1755000.0,9256408.63,2849950.0,10578752.72,24440111.35,61837373.91000001,-58831772.39999999,0.34352345326162564,0.5124538939816422,0.18458010299123304,3510187.6500000004,1488261.25,2.3585829772830547,228,30780000,384935607.0,253078387.36,30780000.0,26945492.490000002,43888900.0,30794848.56,132409241.05000001,120669146.31
14,1400,138610912.0,90483835.84,1890000.0,9702763.84,3065450.0,11088872.96,25747086.8,64736749.04,-55932397.27,0.3600885693071257,0.5364813709188824,0.1944508298350374,2899375.13,1306975.45,2.218385303258757,228,30780000,384935607.0,253078387.36,30780000.0,26945492.490000002,43888900.0,30794848.56,132409241.05000001,120669146.31
15,1500,145246143.0,94826123.78,2025000.0,10167230.01,3275650.0,11619691.44,27087571.45,67738552.33,-52930593.980000004,0.3773258185491788,0.5613576825676642,0.20457462964968787,3001803.29,1340484.6500000001,2.2393417858235076,228,30780000,384935607.0,253078387.36,30780000.0,26945492.490000002,43888900.0,30794848.56,132409241.05000001,120669146.31
16,1600,149605951.0,97633060.13,2160000.0,10472416.57,3485850.0,11968476.079999998,28086742.65,69546317.48,-51122828.83,0.38865188950940566,0.576338853855276,0.2121207132317446,1807765.15,999171.2000000001,1.8092646685573002,228,30780000,384935607.0,253078387.36,30780000.0,26945492.490000002,43888900.0,30794848.56,132409241.05000001,120669146.31
17,1700,154698343.0,100910776.91,2295000.0,10828884.010000002,3689450.0,12375867.44,29189201.450000003,71721575.46,-48947570.85000001,0.40188109436184216,0.5943654832507614,0.22044686019292006,2175257.9799999995,1102458.8,1.9730968449796034,228,30780000,384935607.0,253078387.36,30780000.0,26945492.490000002,43888900.0,30794848.56,132409241.05000001,120669146.31
18,1800,159309326.0,103870034.05,2430000.0,11151652.82,3886900.0,12744746.08,30213298.9,73656735.14999999,-47012411.16000001,0.41385967705502497,0.6104023886998856,0.22818119536378081,1935159.6900000002,1024097.45,1.8896245567255345,228,30780000,384935607.0,253078387.36,30780000.0,26945492.490000002,43888900.0,30794848.56,132409241.05000001,120669146.31
19,1900,167117710.0,109040781.03,2565000.0,11698239.700000001,4083300.0,13369416.8,31715956.500000004,77324824.53,-43344321.78,0.434144586681481,0.640800294810671,0.2395297809162996,3668089.3799999994,1502657.6,2.4410679984581978,228,30780000,384935607.0,253078387.36,30780000.0,26945492.490000002,43888900.0,30794848.56,132409241.05000001,120669146.31
20,2000,173129600.0,113012560.02,2700000.0,12119072.0,4283850.0,13850368.0,32953290.0,80059270.02,-40609876.29000001,0.44976249754936287,0.6634609796138533,0.2488745478690288,2734445.49,1237333.5,2.2099502599743723,228,30780000,384935607.0,253078387.36,30780000.0,26945492.490000002,43888900.0,30794848.56,132409241.05000001,120669146.31
21,2100,179657006.0,117326623.86000001,2835000.0,12575990.420000002,4485650.0,14372560.48,34269200.900000006,83057422.96000001,-37611723.349999994,0.46671963500638175,0.6883070403649398,0.25881275829577005,2998152.9399999995,1315910.9000000001,2.278385975828606,228,30780000,384935607.0,253078387.36,30780000.0,26945492.490000002,43888900.0,30794848.56,132409241.05000001,120669146.31
22,2200,184327427.0,120371853.18,2970000.0,12902919.89,4682400.0,14746194.160000002,35301514.050000004,85070339.13000001,-35598807.17999999,0.4788526279409636,0.7049883232906415,0.2666091412507194,2012916.1699999997,1032313.1500000001,1.9499084846492554,228,30780000,384935607.0,253078387.36,30780000.0,26945492.490000002,43888900.0,30794848.56,132409241.05000001,120669146.31
23,2300,188437645.0,123090387.64000002,3105000.0,13190635.149999999,4883800.0,15075011.600000001,36254446.75,86835940.89000002,-33833205.41999999,0.4895303047400341,0.7196200813994141,0.2738060158226396,1765601.7599999998,952932.7000000001,1.8528084512159144,228,30780000,384935607.0,253078387.36,30780000.0,26945492.490000002,43888900.0,30794848.56,132409241.05000001,120669146.31
24,2400,192498609.0,125810113.28,3240000.0,13474902.629999999,5073600.0,15399888.72,37188391.35,88621721.93,-32047424.379999995,0.500080027670706,0.7344190676739363,0.28085948575112685,1785781.04,933944.6,1.912084549768798,228,30780000,384935607.0,253078387.36,30780000.0,26945492.490000002,43888900.0,30794848.56,132409241.05000001,120669146.31
25,2500,198037596.0,129473475.15,3375000.0,13862631.72,5272300.0,15843007.68,38352939.4,91120535.75,-29548610.560000002,0.5144694135816851,0.7551270439579527,0.28965455202267393,2498813.8200000003,1164548.05,2.1457369835448183,228,30780000,384935607.0,253078387.36,30780000.0,26945492.490000002,43888900.0,30794848.56,132409241.05000001,120669146.31
26,2600,202981404.0,132727290.11,3510000.0,14208698.280000001,5465000.0,16238512.32,39422210.6,93305079.50999999,-27364066.800000012,0.5273126214068318,0.7732306257500032,0.29773005484650045,2184543.76,1069271.2000000002,2.043021227916734,228,30780000,384935607.0,253078387.36,30780000.0,26945492.490000002,43888900.0,30794848.56,132409241.05000001,120669146.31
27,2700,208479084.0,136375199.75,3645000.0,14593535.88,5655000.0,16678326.720000003,40571862.60000001,95803337.15,-24865809.159999996,0.541594698460826,0.793933992902216,0.30641262103964007,2498257.6400000006,1149652.0,2.173055533326607,228,30780000,384935607.0,253078387.36,30780000.0,26945492.490000002,43888900.0,30794848.56,132409241.05000001,120669146.31
28,2800,211994404.0,138703603.69,3780000.0,14839608.280000001,5851900.0,16959552.32,41431060.6,97272543.09,-23396603.22,0.5507269271662883,0.8061094825358759,0.31290157900954146,1469205.94,859198.0,1.7099736498455536,228,30780000,384935607.0,253078387.36,30780000.0,26945492.490000002,43888900.0,30794848.56,132409241.05000001,120669146.31
29,2900,216568817.0,141746638.21,3915000.0,15159817.190000001,6051200.0,17325505.36,42451522.55,99295115.66000001,-21374030.64999999,0.5626105069568168,0.8228707892314914,0.32060845763755697,2022572.57,1020461.95,1.9820166445206508,228,30780000,384935607.0,253078387.36,30780000.0,26945492.490000002,43888900.0,30794848.56,132409241.05000001,120669146.31
30,3000,219735296.0,143855392.57,4050000.0,15381470.72,6242950.0,17578823.68,43253244.4,100602148.16999999,-20066998.140000015,0.5708365035713623,0.8337023277810574,0.3266633360104136,1307032.5100000002,801721.8500000001,1.6302817616858016,228,30780000,384935607.0,253078387.36,30780000.0,26945492.490000002,43888900.0,30794848.56,132409241.05000001,120669146.31
31,3100,223127953.0,146107920.11,4185000.0,15618956.710000003,6428950.0,17850236.240000002,44083142.95,102024777.16,-18644369.150000006,0.5796500737849383,0.8454918285234034,0.33293101448526125,1422628.99,829898.55,1.7142203586209421,228,30780000,384935607.0,253078387.36,30780000.0,26945492.490000002,43888900.0,30794848.56,132409241.05000001,120669146.31
32,3200,227388411.0,148895891.61,4320000.0,15917188.770000001,6615650.0,18191072.88,45043911.650000006,103851979.96000002,-16817166.34999998,0.5907180496295319,0.8606340819980897,0.34018706921664665,1827202.7999999998,960768.7000000001,1.9018134125310282,228,30780000,384935607.0,253078387.36,30780000.0,26945492.490000002,43888900.0,30794848.56,132409241.05000001,120669146.31
33,3300,230650954.0,151069429.34,4455000.0,16145566.780000003,6795800.0,18452076.32,45848443.1,105220986.24000001,-15448160.069999993,0.5991936048670083,0.8719792047727466,0.3462631666522946,1369006.2800000005,804531.45,1.7016193462667004,228,30780000,384935607.0,253078387.36,30780000.0,26945492.490000002,43888900.0,30794848.56,132409241.05000001,120669146.31
34,3400,233858316.0,153166885.56,4590000.0,16370082.120000001,6991400.0,18708665.28,46660147.400000006,106506738.16,-14162408.150000006,0.6075258088556095,0.8826343884656591,0.3523934359111713,1285751.9200000002,811704.3,1.5840151641429028,228,30780000,384935607.0,253078387.36,30780000.0,26945492.490000002,43888900.0,30794848.56,132409241.05000001,120669146.31
35,3500,237396804.0,155531441.64000002,4725000.0,16617776.280000001,7184050.0,18991744.320000004,47518570.60000001,108012871.04,-12656275.269999996,0.6167182242509459,0.8951158961754323,0.3588765423257443,1506132.8800000001,858423.2,1.7545342204171557,228,30780000,384935607.0,253078387.36,30780000.0,26945492.490000002,43888900.0,30794848.56,132409241.05000001,120669146.31
36,3600,240022962.0,157287433.0,4860000.0,16801607.34,7367550.0,19201836.96,48230994.3,109056438.69999999,-11612707.610000014,0.6235405549271518,0.9037640692330178,0.3642570104437585,1043567.66,712423.7000000001,1.46481322842011,228,30780000,384935607.0,253078387.36,30780000.0,26945492.490000002,43888900.0,30794848.56,132409241.05000001,120669146.31
37,3700,244197918.0,160058242.84,4995000.0,17093854.26,7548750.0,19535833.439999998,49173437.7,110884805.14000002,-9784341.169999987,0.6343864105042379,0.9189159659349546,0.3713746662246275,1828366.44,942443.4,1.9400278467651213,228,30780000,384935607.0,253078387.36,30780000.0,26945492.490000002,43888900.0,30794848.56,132409241.05000001,120669146.31
38,3800,248283812.0,162801019.82,5130000.0,17379866.840000004,7731550.0,19862704.96,50104121.800000004,112696898.01999998,-7972248.290000021,0.6450008975137497,0.9339330016513148,0.378403511738881,1812092.8799999994,930684.1,1.9470547310306467,228,30780000,384935607.0,253078387.36,30780000.0,26945492.490000002,43888900.0,30794848.56,132409241.05000001,120669146.31
39,3900,252322724.0,165508061.86,5265000.0,17662590.68,7917900.0,20185817.919999998,51031308.599999994,114476753.26,-6192393.049999997,0.6554933329407482,0.9486828800952011,0.38540594444408677,1779855.24,927186.8,1.9196296150894296,228,30780000,384935607.0,253078387.36,30780000.0,26945492.490000002,43888900.0,30794848.56,132409241.05000001,120669146.31
40,4000,255886212.0,167838340.38,5400000.0,17912034.84,8100750.0,20470896.96,51883681.8,115954658.57999998,-4714487.730000019,0.6647506942635213,0.9609304625567793,0.39184335918372815,1477905.3200000003,852373.2000000001,1.7338711728618406,228,30780000,384935607.0,253078387.36,30780000.0,26945492.490000002,43888900.0,30794848.56,132409241.05000001,120669146.31
41,4100,259825432.0,170460064.8,5535000.0,18187780.240000002,8289550.0,20786034.560000002,52798364.800000004,117661700.0,-3007446.3100000024,0.6749841461145993,0.9750769239530886,0.39875135890298197,1707041.4200000004,914683.0,1.8662656023999575,228,30780000,384935607.0,253078387.36,30780000.0,26945492.490000002,43888900.0,30794848.56,132409241.05000001,120669146.31
42,4200,262666430.0,172331812.24,5670000.0,18386650.1,8478250.0,21013314.4,53548214.5,118783597.74000001,-1885548.5699999928,0.6823645961128246,0.98437422798073,0.40441448100876337,1121897.7400000002,749849.7000000001,1.4961634844956264,228,30780000,384935607.0,253078387.36,30780000.0,26945492.490000002,43888900.0,30794848.56,132409241.05000001,120669146.31
43,4300,264380768.0,173433362.0,5805000.0,18506653.76,8668150.0,21150461.439999998,54130265.2,119303096.80000001,-1366049.5099999905,0.6868181669668195,0.9886793803406001,0.4088103275175445,519499.05999999994,582050.7000000001,0.8925323172019205,228,30780000,384935607.0,253078387.36,30780000.0,26945492.490000002,43888900.0,30794848.56,132409241.05000001,120669146.31
44,4400,267260910.0,175349796.94,5940000.0,18708263.700000003,8846550.0,21380872.800000004,54875686.50000001,120474110.44,-195035.87000000477,0.6943003067003879,0.9983837138492805,0.4144400048277446,1171013.6400000001,745421.3,1.5709420162799212,228,30780000,384935607.0,253078387.36,30780000.0,26945492.490000002,43888900.0,30794848.56,132409241.05000001,120669146.31
45,4500,269882839.0,177092305.86,6075000.0,18891798.73,9028700.0,21590627.12,55586125.85000001,121506180.01000002,837033.7000000179,0.7011116511235086,1.0069366008262763,0.41980548645399857,1032069.5700000001,710439.3500000001,1.452720165345571,228,30780000,384935607.0,253078387.36,30780000.0,26945492.490000002,43888900.0,30794848.56,132409241.05000001,120669146.31
46,4600,271926860.0,178436913.38000003,6210000.0,19034880.200000003,9211950.0,21754148.8,56210979.0,122225934.38000001,1556788.0700000077,0.7064216847053071,1.012901293475638,0.424524591744875,719754.3699999999,624853.1499999999,1.1518776371696293,228,30780000,384935607.0,253078387.36,30780000.0,26945492.490000002,43888900.0,30794848.56,132409241.05000001,120669146.31
47,4700,274079062.0,179880456.9,6345000.0,19185534.340000004,9403750.0,21926324.96,56860609.300000004,123019847.6,2350701.2899999917,0.7120127549021465,1.0194805496009811,0.4294308225702197,793913.22,649630.3,1.2221000467496665,228,30780000,384935607.0,253078387.36,30780000.0,26945492.490000002,43888900.0,30794848.56,132409241.05000001,120669146.31
48,4800,276851870.0,181721049.26,6480000.0,19379630.9,9586800.0,22148149.6,57594580.5,124126468.75999999,3457322.449999988,0.7192160583886956,1.0286512547384574,0.43497402479824876,1106621.16,733971.2,1.5077174145252565,228,30780000,384935607.0,253078387.36,30780000.0,26945492.490000002,43888900.0,30794848.56,132409241.05000001,120669146.31
49,4900,282423062.0,185413629.44,6615000.0,19769614.340000004,9775050.0,22593844.96,58753509.300000004,126660120.13999999,5990973.829999983,0.7336891076433987,1.0496479341505336,0.44372665256659594,2533651.3800000004,1158928.7999999998,2.186201067744628,228,30780000,384935607.0,253078387.36,30780000.0,26945492.490000002,43888900.0,30794848.56,132409241.05000001,120669146.31
50,5000,283879844.0,186373163.18,6750000.0,19871589.080000002,9963750.0,22710387.52,59295726.599999994,127077436.58,6408290.269999996,0.7374735899659186,1.0531062866189262,0.4478216635771585,417316.43999999994,542217.3,0.769647962173099,228,30780000,384935607.0,253078387.36,30780000.0,26945492.490000002,43888900.0,30794848.56,132409241.05000001,120669146.31
51,5100,286946696.0,188385187.7,6885000.0,20086268.72,10148750.0,22955735.68,60075754.4,128309433.29999998,7640286.98999998,0.7454407718639549,1.0633159943832868,0.453712701044139,1231996.72,780027.8,1.579426681972104,228,30780000,384935607.0,253078387.36,30780000.0,26945492.490000002,43888900.0,30794848.56,132409241.05000001,120669146.31
52,5200,288849894.0,189648263.64,7020000.0,20219492.580000002,10337550.0,23107991.52,60685034.099999994,128963229.53999998,8294083.229999974,0.7503849702321771,1.068734083928069,0.4583141902994843,653796.2400000002,609279.7,1.0730642100828245,228,30780000,384935607.0,253078387.36,30780000.0,26945492.490000002,43888900.0,30794848.56,132409241.05000001,120669146.31
53,5300,291515124.0,191403949.74,7155000.0,20406058.68,10520700.0,23321209.919999998,61402968.599999994,130000981.14,9331834.829999998,0.757308803599455,1.0773340585838442,0.46373627786910415,1037751.6000000001,717934.5,1.445468354007225,228,30780000,384935607.0,253078387.36,30780000.0,26945492.490000002,43888900.0,30794848.56,132409241.05000001,120669146.31
54,5400,293647560.0,192837778.86,7290000.0,20555329.200000003,10704450.0,23491804.800000004,62041584.00000001,130796194.86000001,10127048.550000012,0.762848524948226,1.0839240921120263,0.46855932039193576,795213.7200000001,638615.4,1.2452153831554955,228,30780000,384935607.0,253078387.36,30780000.0,26945492.490000002,43888900.0,30794848.56,132409241.05000001,120669146.31
55,5500,295661991.0,194192292.72,7425000.0,20696339.37,10887550.0,23652959.28,62661848.650000006,131530444.07,10861297.75999999,0.7680816885303104,1.090008905276393,0.4732437717571224,734249.2100000003,620264.65,1.1837676224173026,228,30780000,384935607.0,253078387.36,30780000.0,26945492.490000002,43888900.0,30794848.56,132409241.05000001,120669146.31
56,5600,298607029.0,196116678.99,7560000.0,20902492.03,11068250.0,23888562.32,63419304.35,132697374.64000002,12028228.330000013,0.7757324175001561,1.099679401883721,0.4789643369834873,1166930.57,757455.7,1.540592499336925,228,30780000,384935607.0,253078387.36,30780000.0,26945492.490000002,43888900.0,30794848.56,132409241.05000001,120669146.31
57,5700,301476860.0,198004295.17000002,7695000.0,21103380.200000003,11255350.0,24118148.799999997,64171879.0,133832416.17000003,13163269.86000003,0.7831877709354126,1.1090856301094854,0.4846480388462282,1135041.5300000003,752574.65,1.508211218647878,228,30780000,384935607.0,253078387.36,30780000.0,26945492.490000002,43888900.0,30794848.56,132409241.05000001,120669146.31
58,5800,303432344.0,199299963.36999997,7830000.0,21240264.080000002,11445700.0,24274587.519999996,64790551.599999994,134509411.76999998,13840265.459999979,0.7882677998141128,1.1146959755930006,0.4893204665037991,676995.6000000002,618672.6,1.0942711864078032,228,30780000,384935607.0,253078387.36,30780000.0,26945492.490000002,43888900.0,30794848.56,132409241.05000001,120669146.31
59,5900,304701358.0,200151402.59,7965000.0,21329095.060000002,11640050.0,24376108.64,65310253.7,134841148.89,14172002.579999983,0.7915644914605159,1.1174451217512718,0.493245435002061,331737.12,519702.1,0.6383216846728155,228,30780000,384935607.0,253078387.36,30780000.0,26945492.490000002,43888900.0,30794848.56,132409241.05000001,120669146.31
60,6000,306673022.0,201450520.13,8100000.0,21467111.540000003,11826550.0,24533841.759999998,65927503.300000004,135523016.83,14853870.52000001,0.7966865533434531,1.1230958449133326,0.4979071156755943,681867.9400000001,617249.6,1.1046875364520286,228,30780000,384935607.0,253078387.36,30780000.0,26945492.490000002,43888900.0,30794848.56,132409241.05000001,120669146.31
61,6100,308344062.0,202554506.42,8235000.0,21584084.34,12018350.0,24667524.96,66504959.300000004,136049547.11999997,15380400.809999973,0.8010276430468019,1.1274592659376872,0.5022682614341591,526530.29,577456.0,0.9118102331606218,228,30780000,384935607.0,253078387.36,30780000.0,26945492.490000002,43888900.0,30794848.56,132409241.05000001,120669146.31
62,6200,310762463.0,204123686.28000003,8370000.0,21753372.410000004,12203550.0,24860997.040000003,67187919.45,136935766.83000004,16266620.52000004,0.8073102548811495,1.1348034772551632,0.5074262107176393,886219.7099999998,682960.15,1.2976155490184893,228,30780000,384935607.0,253078387.36,30780000.0,26945492.490000002,43888900.0,30794848.56,132409241.05000001,120669146.31
63,6300,312726956.0,205437991.32000002,8505000.0,21890886.92,12385800.0,25018156.480000004,67799843.4,137638147.92000002,16969001.610000014,0.8124136876742608,1.1406241954045695,0.512047670255867,702381.0900000001,611923.95,1.1478241536387,228,30780000,384935607.0,253078387.36,30780000.0,26945492.490000002,43888900.0,30794848.56,132409241.05000001,120669146.31
64,6400,313802602.0,206144705.44000003,8640000.0,21966182.14,12570550.0,25104208.16,68280940.3,137863765.14000002,17194618.830000013,0.8152080407568012,1.1424939129496028,0.5156810790435384,225617.21999999997,481096.9,0.46896419411557205,228,30780000,384935607.0,253078387.36,30780000.0,26945492.490000002,43888900.0,30794848.56,132409241.05000001,120669146.31
65,6500,315200245.0,207078564.72000003,8775000.0,22064017.150000002,12757350.0,25216019.599999998,68812386.75,138266177.97000003,17597031.660000026,0.8188388895912142,1.145828757375917,0.5196947449008884,402412.8300000001,531446.45,0.7572029693678453,228,30780000,384935607.0,253078387.36,30780000.0,26945492.490000002,43888900.0,30794848.56,132409241.05000001,120669146.31
66,6600,316133917.0,207698341.86,8910000.0,22129374.190000005,12956200.0,25290713.36,69286287.55000001,138412054.31,17742908.0,0.8212644173496789,1.1470376524784416,0.5232738062733576,145876.34000000008,473900.80000000005,0.30782041304846935,228,30780000,384935607.0,253078387.36,30780000.0,26945492.490000002,43888900.0,30794848.56,132409241.05000001,120669146.31
67,6700,318074574.0,208991288.32,9045000.0,22265220.18,13144100.0,25445965.919999998,69900286.1,139091002.22,18421855.909999996,0.8263059280977351,1.1526641769941266,0.5279109339022979,678947.9099999999,613998.55,1.1057809664208489,228,30780000,384935607.0,253078387.36,30780000.0,26945492.490000002,43888900.0,30794848.56,132409241.05000001,120669146.31
68,6800,320208285.0,210370738.72,9180000.0,22414579.950000003,13323300.0,25616662.8,70534542.75,139836195.96999997,19167049.659999967,0.8318489616888053,1.1588396889024115,0.5327010576502356,745193.7499999999,634256.65,1.1749088480191732,228,30780000,384935607.0,253078387.36,30780000.0,26945492.490000002,43888900.0,30794848.56,132409241.05000001,120669146.31
69,6900,321988768.0,211573007.22,9315000.0,22539213.76,13510550.0,25759101.439999998,71123865.2,140449142.02,19779995.71000001,0.836474366477612,1.1639192479176494,0.5371518229089646,612946.0500000003,589322.45,1.0400860343942444,228,30780000,384935607.0,253078387.36,30780000.0,26945492.490000002,43888900.0,30794848.56,132409241.05000001,120669146.31
70,7000,323428013.0,212534000.40000004,9450000.0,22639960.91,13702000.0,25874241.04,71666201.94999999,140867798.45000005,20198652.140000045,0.8402132905309536,1.1673887050473495,0.5412477360468941,418656.43000000005,542336.75,0.7719492178982893,228,30780000,384935607.0,253078387.36,30780000.0,26945492.490000002,43888900.0,30794848.56,132409241.05000001,120669146.31
71,7100,324379239.0,213178543.16,9585000.0,22706546.730000004,13886650.0,25950339.119999997,72128535.85,141050007.31,20380861.0,0.8426844207218274,1.1688986921946178,0.544739440223534,182208.86,462333.9,0.3941066402442044,228,30780000,384935607.0,253078387.36,30780000.0,26945492.490000002,43888900.0,30794848.56,132409241.05000001,120669146.31
72,7200,326772180.0,214781742.74,9720000.0,22874052.6,14069450.0,26141774.4,72805277.0,141976465.74,21307319.430000007,0.8489008916236735,1.1765763667148297,0.5498504214861217,926458.4300000003,676741.15,1.3689996980381647,228,30780000,384935607.0,253078387.36,30780000.0,26945492.490000002,43888900.0,30794848.56,132409241.05000001,120669146.31
73,7300,328445519.0,215843023.52,9855000.0,22991186.330000002,14252200.0,26275641.519999996,73374027.85,142468995.67000002,21799849.360000014,0.8532479537545093,1.1806580225900996,0.5541458229663343,492529.93000000005,568750.85,0.8659853958899579,228,30780000,384935607.0,253078387.36,30780000.0,26945492.490000002,43888900.0,30794848.56,132409241.05000001,120669146.31
74,7400,329725638.0,216679378.2,9990000.0,23080794.660000004,14439900.0,26378051.04,73888745.7,142790632.5,22121486.189999998,0.8565734943818798,1.1833234664076409,0.5580331486991783,321636.82999999996,514717.85,0.624879883221458,228,30780000,384935607.0,253078387.36,30780000.0,26945492.490000002,43888900.0,30794848.56,132409241.05000001,120669146.31
75,7500,330707325.0,217332499.34000003,10125000.0,23149512.75,14638450.0,26456586.0,74369548.75,142962950.59000003,22293804.28000003,0.8591237572885795,1.184751487532091,0.56166433823087,172318.08999999997,480803.05000000005,0.35839641616250134,228,30780000,384935607.0,253078387.36,30780000.0,26945492.490000002,43888900.0,30794848.56,132409241.05000001,120669146.31
76,7600,331785722.0,218048938.94,10260000.0,23225000.540000007,14832000.0,26542857.76,74859858.30000001,143189080.64,22519934.329999983,0.8619252570209749,1.1866254549621664,0.5653673241109481,226130.04999999993,490309.55000000005,0.4611985428389064,228,30780000,384935607.0,253078387.36,30780000.0,26945492.490000002,43888900.0,30794848.56,132409241.05000001,120669146.31
77,7700,333444844.0,219151038.72,10395000.0,23341139.080000002,15021400.0,26675587.519999996,75433126.6,143717912.12,23048765.810000002,0.8662353857017961,1.191007946229996,0.5696968429228829,528831.4800000002,573268.3,0.9224851260744754,228,30780000,384935607.0,253078387.36,30780000.0,26945492.490000002,43888900.0,30794848.56,132409241.05000001,120669146.31
78,7800,334745679.0,220029946.72000003,10530000.0,23432197.53,15217800.0,26779654.32,75959651.85,144070294.87000003,23401148.560000032,0.8696147431224777,1.1939281852536048,0.5736733421900388,352382.75,526525.25,0.6692608759029125,228,30780000,384935607.0,253078387.36,30780000.0,26945492.490000002,43888900.0,30794848.56,132409241.05000001,120669146.31
79,7900,337361022.0,221778270.1,10665000.0,23615271.540000007,15402750.0,26988881.759999998,76671903.30000001,145106366.8,24437220.49000001,0.8764089781904744,1.2025142402782945,0.5790525094169777,1036071.9300000002,712251.45,1.4546434830002806,228,30780000,384935607.0,253078387.36,30780000.0,26945492.490000002,43888900.0,30794848.56,132409241.05000001,120669146.31
80,8000,339552539.0,223227739.88,10800000.0,23768677.73,15591950.0,27164203.12,77324830.85000001,145902909.03,25233762.72,0.8821021823528006,1.209115283331617,0.5839836422051601,796542.2300000002,652927.55,1.2199550011329743,228,30780000,384935607.0,253078387.36,30780000.0,26945492.490000002,43888900.0,30794848.56,132409241.05000001,120669146.31
81,8100,340940750.0,224158120.76,10935000.0,23865852.5,15779000.0,27275260.0,77855112.5,146303008.26,25633861.949999988,0.8857085283877103,1.2124309546712662,0.5879885110934256,400099.2300000001,530281.65,0.7545032531297284,228,30780000,384935607.0,253078387.36,30780000.0,26945492.490000002,43888900.0,30794848.56,132409241.05000001,120669146.31
82,8200,343116107.0,225620873.60000002,11070000.0,24018127.490000002,15965300.0,27449288.560000002,78502716.05000001,147118157.55,26449011.24000001,0.8913597515025415,1.2191861967105684,0.5928794352076683,815149.29,647603.55,1.258716524948018,228,30780000,384935607.0,253078387.36,30780000.0,26945492.490000002,43888900.0,30794848.56,132409241.05000001,120669146.31
83,8300,343566324.0,225926301.16,11205000.0,24049642.68,16154550.0,27485305.92,78894498.6,147031802.56,26362656.25,0.8925293419270512,1.218470562328121,0.5958383113925415,-86354.98999999999,391782.55,-0.22041561064932574,228,30780000,384935607.0,253078387.36,30780000.0,26945492.490000002,43888900.0,30794848.56,132409241.05000001,120669146.31
84,8400,345435902.0,227107274.12,11340000.0,24180513.14,16352450.0,27634872.159999996,79507835.3,147599438.82000002,26930292.51000002,0.8973862010120566,1.223174633562219,0.6004704405032913,567636.26,613336.7,0.925488822045053,228,30780000,384935607.0,253078387.36,30780000.0,26945492.490000002,43888900.0,30794848.56,132409241.05000001,120669146.31
85,8500,346234056.0,227636800.72,11475000.0,24236383.92,16548300.0,27698724.480000004,79958408.4,147678392.32,27009246.00999999,0.899459675082747,1.2238289308901964,0.6038733230848014,78953.50000000006,450573.10000000003,0.1752290582815531,228,30780000,384935607.0,253078387.36,30780000.0,26945492.490000002,43888900.0,30794848.56,132409241.05000001,120669146.31
86,8600,347926269.0,228731294.16000003,11610000.0,24354838.830000002,16743600.0,27834101.520000003,80542540.35,148188753.81,27519607.5,0.9038557687909604,1.2280583590879304,0.6082848879073761,510361.49,584131.95,0.87370925353424,228,30780000,384935607.0,253078387.36,30780000.0,26945492.490000002,43888900.0,30794848.56,132409241.05000001,120669146.31
87,8700,349140954.0,229538242.5,11745000.0,24439866.78,16935300.0,27931276.319999997,81051443.1,148486799.4,27817653.090000004,0.9070113225456953,1.2305282994091649,0.6121282960106506,298045.5900000001,508902.75,0.585663154699007,228,30780000,384935607.0,253078387.36,30780000.0,26945492.490000002,43888900.0,30794848.56,132409241.05000001,120669146.31
88,8800,350131344.0,230170302.24,11880000.0,24509194.080000006,17130400.0,28010507.520000003,81530101.60000001,148640200.64,27971054.329999983,0.9095841944286541,1.2317995542799494,0.6157432891652391,153401.23999999993,478658.50000000006,0.32048159596037656,228,30780000,384935607.0,253078387.36,30780000.0,26945492.490000002,43888900.0,30794848.56,132409241.05000001,120669146.31
89,8900,350806013.0,230622558.76,12015000.0,24556420.910000004,17319150.0,28064481.04,81955051.95,148667506.81,27998360.5,0.911336874585364,1.2320258438563243,0.6189526599510706,27306.169999999984,424950.35000000003,0.06425731853144721,228,30780000,384935607.0,253078387.36,30780000.0,26945492.490000002,43888900.0,30794848.56,132409241.05000001,120669146.31
90,9000,351858610.0,231323788.22000003,12150000.0,24630102.700000003,17510700.0,28148688.8,82439491.5,148884296.72000003,28215150.410000026,0.914071350120645,1.2338224084018552,0.6226113135779505,216789.90999999992,484439.55000000005,0.44750662905206623,228,30780000,384935607.0,253078387.36,30780000.0,26945492.490000002,43888900.0,30794848.56,132409241.05000001,120669146.31
91,9100,353284804.0,232265148.74,12285000.0,24729936.28,17701900.0,28262784.32,82979620.6,149285528.14000002,28616381.830000013,0.9177763698020277,1.2371474623387515,0.626690553785936,401231.42000000004,540129.1,0.7428435535134101,228,30780000,384935607.0,253078387.36,30780000.0,26945492.490000002,43888900.0,30794848.56,132409241.05000001,120669146.31
92,9200,353816035.0,232621942.94000003,12420000.0,24767122.450000003,17901450.0,28305282.8,83393855.25,149228087.69,28558941.379999995,0.9191564214011514,1.2366714462919282,0.6298189959302692,-57440.44999999995,414234.65,-0.13866645390480964,228,30780000,384935607.0,253078387.36,30780000.0,26945492.490000002,43888900.0,30794848.56,132409241.05000001,120669146.31
93,9300,355400217.0,233625016.14000002,12555000.0,24878015.19,18103800.0,28432017.36,83968832.55,149656183.59000003,28987037.28000003,0.9232718681698885,1.2402191294660534,0.6341614216963295,428095.9,574977.3,0.7445440019979919,228,30780000,384935607.0,253078387.36,30780000.0,26945492.490000002,43888900.0,30794848.56,132409241.05000001,120669146.31
94,9400,356730798.0,234473831.64,12690000.0,24971155.860000003,18311200.0,28538463.840000004,84510819.7,149963011.93999997,29293865.629999965,0.9267285008528712,1.2427618535954816,0.638254694535159,306828.35,541987.15,0.5661173885764634,228,30780000,384935607.0,253078387.36,30780000.0,26945492.490000002,43888900.0,30794848.56,132409241.05000001,120669146.31
95,9500,357493664.0,234979418.26,12825000.0,25024556.48,18509850.0,28599493.120000005,84958899.60000001,150020518.66,29351372.349999994,0.9287103024480663,1.2432384188299144,0.6416387476151915,57506.71999999997,448079.9,0.12834032501792642,228,30780000,384935607.0,253078387.36,30780000.0,26945492.490000002,43888900.0,30794848.56,132409241.05000001,120669146.31
96,9600,357970643.0,235292251.54,12960000.0,25057945.009999998,18705600.0,28637651.44,85361196.45,149931055.09,29261908.78,0.9299494161889783,1.2424970232641401,0.6446770313996901,-89463.57,402296.85000000003,-0.22238197987381705,228,30780000,384935607.0,253078387.36,30780000.0,26945492.490000002,43888900.0,30794848.56,132409241.05000001,120669146.31
97,9700,358318218.0,235525223.28,13095000.0,25082275.26,18898450.0,28665457.439999998,85741182.7,149784040.58,29114894.27000001,0.9308523594181299,1.2412786960073756,0.6475468178812585,-147014.51,379986.25,-0.3868942889380866,228,30780000,384935607.0,253078387.36,30780000.0,26945492.490000002,43888900.0,30794848.56,132409241.05000001,120669146.31
98,9800,359003926.0,235957028.54000002,13230000.0,25130274.820000008,19102400.0,28720314.08,86182988.9,149774039.64000005,29104893.330000043,0.9326337170985588,1.2411958169922686,0.6508834898272381,-10000.940000000002,441806.2,-0.022636486314587714,228,30780000,384935607.0,253078387.36,30780000.0,26945492.490000002,43888900.0,30794848.56,132409241.05000001,120669146.31
99,9900,360029325.0,236619382.38,13365000.0,25202052.750000004,19288900.0,28802346.000000004,86658298.75,149961083.63,29291937.319999993,0.9352975366604628,1.242745873454253,0.6544731928285604,187043.9900000001,475309.85,0.3935201216637949,228,30780000,384935607.0,253078387.36,30780000.0,26945492.490000002,43888900.0,30794848.56,132409241.05000001,120669146.31
100,10000,361161281.0,237355699.96,13500000.0,25281289.67,19486950.0,28892902.48,87161142.15,150194557.81000003,29525411.50000003,0.9382381739499615,1.2446807025894508,0.6582708386424967,233474.18000000005,502843.4,0.4643079336429593,228,30780000,384935607.0,253078387.36,30780000.0,26945492.490000002,43888900.0,30794848.56,132409241.05000001,120669146.31
101,10100,361520811.0,237583513.74,13635000.0,25306456.770000003,19677700.0,28921664.880000003,87540821.65,150042692.09,29373545.78,0.9391721743216133,1.2434221727610397,0.6611383084428607,-151865.72,379679.5,-0.3999839864938718,228,30780000,384935607.0,253078387.36,30780000.0,26945492.490000002,43888900.0,30794848.56,132409241.05000001,120669146.31
102,10200,361591169.0,237631357.18,13770000.0,25311381.83,19876550.0,28927293.52,87885225.35,149746131.83,29076985.52000001,0.9393549529441168,1.2409645415514998,0.6637393633032986,-296560.26,344403.7,-0.8610832578163359,228,30780000,384935607.0,253078387.36,30780000.0,26945492.490000002,43888900.0,30794848.56,132409241.05000001,120669146.31
103,10300,362611254.0,238321834.98,13905000.0,25382787.78,20074600.0,29008900.320000004,88371288.10000001,149950546.88,29281400.569999993,0.9420049675996848,1.2426585541160275,0.6674102758932776,204415.05000000005,486062.75,0.42055279899560305,228,30780000,384935607.0,253078387.36,30780000.0,26945492.490000002,43888900.0,30794848.56,132409241.05000001,120669146.31
104,10400,362987602.0,238562451.61999997,14040000.0,25409132.14,20268900.0,29039008.16,88757040.3,149805411.31999996,29136265.00999996,0.9429826583956418,1.241455797948124,0.6703236088067585,-145135.56,385752.2,-0.37624039474045773,228,30780000,384935607.0,253078387.36,30780000.0,26945492.490000002,43888900.0,30794848.56,132409241.05000001,120669146.31
105,10500,363386863.0,238817629.16,14175000.0,25437080.410000004,20466600.0,29070949.04,89149629.45,149667999.71,28998853.400000006,0.944019873433013,1.2403170511002184,0.6732885767114666,-137411.61000000004,392589.15,-0.3500137739415367,228,30780000,384935607.0,253078387.36,30780000.0,26945492.490000002,43888900.0,30794848.56,132409241.05000001,120669146.31
106,10600,363646658.0,238991082.10000002,14310000.0,25455266.060000002,20664650.0,29091732.64,89521648.7,149469433.40000004,28800287.090000033,0.944694778521749,1.2386715077606654,0.6760981936766414,-198566.31,372019.25,-0.5337527829541079,228,30780000,384935607.0,253078387.36,30780000.0,26945492.490000002,43888900.0,30794848.56,132409241.05000001,120669146.31
107,10700,364084531.0,239274892.64000002,14445000.0,25485917.170000006,20855450.0,29126762.48,89913129.65,149361762.99,28692616.680000007,0.9458323012451275,1.237779229881087,0.6790547920748768,-107670.40999999997,391480.95,-0.2750335872026467,228,30780000,384935607.0,253078387.36,30780000.0,26945492.490000002,43888900.0,30794848.56,132409241.05000001,120669146.31
108,10800,364598671.0,239622101.3,14580000.0,25521906.970000003,21058150.0,29167893.680000003,90327950.65,149294150.65,28625004.340000004,0.9471679532104184,1.2372189181355617,0.682187662535507,-67612.33999999997,414821.0,-0.162991603607339,228,30780000,384935607.0,253078387.36,30780000.0,26945492.490000002,43888900.0,30794848.56,132409241.05000001,120669146.31
109,10900,364826936.0,239773769.98000002,14715000.0,25537885.520000003,21254150.0,29186154.88,90693190.4,149080579.58,28411433.27000001,0.9477609484954713,1.2354490285114872,0.684946078391558,-213571.07,365239.75,-0.5847421317093772,228,30780000,384935607.0,253078387.36,30780000.0,26945492.490000002,43888900.0,30794848.56,132409241.05000001,120669146.31
110,11000,365412376.0,240141680.8,14850000.0,25578866.32,21458250.0,29232990.08,91120106.4,149021574.40000004,28352428.090000033,0.9492818262458116,1.2349600453554417,0.6881702944403365,-59005.18000000005,426916.00000000006,-0.1382126226236544,228,30780000,384935607.0,253078387.36,30780000.0,26945492.490000002,43888900.0,30794848.56,132409241.05000001,120669146.31
111,11100,365607702.0,240273031.4,14985000.0,25592539.14,21653450.0,29248616.16,91479605.3,148793426.1,28124279.78999999,0.949789251374711,1.233069352440337,0.6908853534282832,-228148.30000000002,359498.9,-0.6346286455952994,228,30780000,384935607.0,253078387.36,30780000.0,26945492.490000002,43888900.0,30794848.56,132409241.05000001,120669146.31
112,11200,365855722.0,240433300.0,15120000.0,25609900.540000003,21855950.0,29268457.76,91854308.30000001,148578991.70000002,27909845.390000015,0.9504335669316245,1.2312923082947764,0.6937152389938874,-214434.4,374703.0,-0.5722783110890491,228,30780000,384935607.0,253078387.36,30780000.0,26945492.490000002,43888900.0,30794848.56,132409241.05000001,120669146.31
113,11300,366463292.0,240839076.29999998,15255000.0,25652430.440000005,22055300.0,29317063.36,92279793.80000001,148559282.5,27890136.189999998,0.9520119348169316,1.2311289757395816,0.6969286514160562,-19709.20000000001,425485.5,-0.04632167253643194,228,30780000,384935607.0,253078387.36,30780000.0,26945492.490000002,43888900.0,30794848.56,132409241.05000001,120669146.31
114,11400,366697164.0,240987436.94,15390000.0,25668801.480000004,22249950.0,29335773.12,92644524.60000001,148342912.33999997,27673766.02999997,0.9526194961745901,1.2293358897137288,0.6996832235071556,-216370.16000000003,364730.80000000005,-0.5932324881803237,228,30780000,384935607.0,253078387.36,30780000.0,26945492.490000002,43888900.0,30794848.56,132409241.05000001,120669146.31
115,11500,367383721.0,241437336.09999996,15525000.0,25716860.470000003,22444950.0,29390697.68,93077508.15,148359827.94999996,27690681.639999956,0.9544030594187147,1.2294760714463195,0.7029532637744849,16915.610000000044,432983.55,0.039067558109309335,228,30780000,384935607.0,253078387.36,30780000.0,26945492.490000002,43888900.0,30794848.56,132409241.05000001,120669146.31
116,11600,367478237.0,241500644.27999997,15660000.0,25723476.590000004,22643350.0,29398258.959999993,93425085.55,148075558.72999996,27406412.419999957,0.9546485965898187,1.2271202975911726,0.7055782875057872,-284269.22000000003,347577.4,-0.817858756064117,228,30780000,384935607.0,253078387.36,30780000.0,26945492.490000002,43888900.0,30794848.56,132409241.05000001,120669146.31
117,11700,368208736.0,241983583.60000002,15795000.0,25774611.520000003,22833900.0,29456698.880000003,93860210.4,148123373.20000002,27454226.890000015,0.9565463139916802,1.2275165419623495,0.7088644996051051,47814.47000000003,435124.85,0.10988678306927319,228,30780000,384935607.0,253078387.36,30780000.0,26945492.490000002,43888900.0,30794848.56,132409241.05000001,120669146.31
118,11800,368809195.0,242376895.72,15930000.0,25816643.650000002,23039000.0,29504735.6,94290379.25,148086516.47,27417370.159999996,0.9581062086573872,1.2272111057251085,0.7121132822926938,-36856.72999999998,430168.85,-0.08567968136233013,228,30780000,384935607.0,253078387.36,30780000.0,26945492.490000002,43888900.0,30794848.56,132409241.05000001,120669146.31
119,11900,368954884.0,242469064.24,16065000.0,25826841.880000003,23240400.0,29516390.720000003,94648632.60000001,147820431.64000002,27151285.330000013,0.9584846849462798,1.225006028137865,0.7148189344598619,-266084.82999999996,358253.35,-0.7427281001001107,228,30780000,384935607.0,253078387.36,30780000.0,26945492.490000002,43888900.0,30794848.56,132409241.05000001,120669146.31
120,12000,369715663.0,242985193.96,16200000.0,25880096.410000004,23436000.0,29577253.04,95093349.45,147891844.51000002,27222698.200000018,0.9604610648554526,1.2255978353411459,0.7181775886328894,71412.87,444716.85000000003,0.16058053568242353,228,30780000,384935607.0,253078387.36,30780000.0,26945492.490000002,43888900.0,30794848.56,132409241.05000001,120669146.31
121,12100,369849431.0,243069976.2,16335000.0,25889460.17,23636750.0,29587954.480000004,95449164.65,147620811.54999995,26951665.23999995,0.9608085723283063,1.2233517519943409,0.7208648270550599,-271032.96,355815.2,-0.7617239510847205,228,30780000,384935607.0,253078387.36,30780000.0,26945492.490000002,43888900.0,30794848.56,132409241.05000001,120669146.31
122,12200,370730690.0,243661416.77999997,16470000.0,25951148.3,23844850.0,29658455.200000003,95924453.5,147736963.27999997,27067816.96999997,0.9630979396509817,1.2243143156119007,0.7244543714571801,116151.7300000001,475288.85,0.24438134831061176,228,30780000,384935607.0,253078387.36,30780000.0,26945492.490000002,43888900.0,30794848.56,132409241.05000001,120669146.31
123,12300,370793636.0,243702300.06000003,16605000.0,25955554.52,24043850.0,29663490.88,96267895.39999999,147434404.66000003,26765258.350000024,0.9632614631049188,1.2218069752581149,0.7270481624741553,-302558.62,343441.89999999997,-0.8809601274626073,228,30780000,384935607.0,253078387.36,30780000.0,26945492.490000002,43888900.0,30794848.56,132409241.05000001,120669146.31
124,12400,371227176.0,243993629.42000002,16740000.0,25985902.320000004,24245550.0,29698174.080000002,96669626.4,147324003.02,26654856.71000001,0.9643877294001539,1.220892063340893,0.7300821727653879,-110401.64000000001,401731.0,-0.2748148387851573,228,30780000,384935607.0,253078387.36,30780000.0,26945492.490000002,43888900.0,30794848.56,132409241.05000001,120669146.31
125,12500,371306465.0,244047348.60000002,16875000.0,25991452.550000004,24446700.0,29704517.200000003,97017669.75000001,147029678.85000002,26360532.54000002,0.9645937093057749,1.2184529628831515,0.7327107155108945,-294324.17,348043.35,-0.8456537669804638,228,30780000,384935607.0,253078387.36,30780000.0,26945492.490000002,43888900.0,30794848.56,132409241.05000001,120669146.31
126,12600,371345420.0,244073838.00000003,17010000.0,25994179.400000002,24655000.0,29707633.600000005,97366813.00000001,146707025.00000003,26037878.690000027,0.9646949080499067,1.2157790908962636,0.735347565078427,-322653.85,349143.25,-0.9241302817682999,228,30780000,384935607.0,253078387.36,30780000.0,26945492.490000002,43888900.0,30794848.56,132409241.05000001,120669146.31
127,12700,372396133.0,244779370.3,17145000.0,26067729.310000002,24843350.0,29791690.64,97847769.95,146931600.35000002,26262454.04000002,0.9674244892600959,1.2176401743369558,0.7389799169157008,224575.34999999998,480956.95000000007,0.4669344106577521,228,30780000,384935607.0,253078387.36,30780000.0,26945492.490000002,43888900.0,30794848.56,132409241.05000001,120669146.31
128,12800,372482330.0,244836540.84000003,17280000.0,26073763.1,25051500.0,29798586.4,98203849.5,146632691.34000003,25963545.03000003,0.9676484150243861,1.2151630787483942,0.7416691517997338,-298909.01000000007,356079.55000000005,-0.8394444724500467,228,30780000,384935607.0,253078387.36,30780000.0,26945492.490000002,43888900.0,30794848.56,132409241.05000001,120669146.31
129,12900,372544050.0,244878488.18,17415000.0,26078083.5,25254950.0,29803524.0,98551557.5,146326930.68,25657784.370000005,0.9678087535300417,1.21262920269681,0.7442951618670274,-305760.66000000003,347708.0,-0.8793604403695056,228,30780000,384935607.0,253078387.36,30780000.0,26945492.490000002,43888900.0,30794848.56,132409241.05000001,120669146.31
130,13000,372712537.0,244988290.12,17550000.0,26089877.590000004,25461200.0,29817002.959999993,98918080.55,146070209.57,25401063.25999999,0.9682464553090824,1.2105017234044604,0.7470632696448039,-256721.11,366523.05,-0.7004228247036578,228,30780000,384935607.0,253078387.36,30780000.0,26945492.490000002,43888900.0,30794848.56,132409241.05000001,120669146.31
131,13100,372802704.0,245045379.8,17685000.0,26096189.28,25656300.0,29824216.320000004,99261705.60000001,145783674.20000002,25114527.890000015,0.9684806944866495,1.2081271696866123,0.7496584438733931,-286535.37,343625.05,-0.8338605407260036,228,30780000,384935607.0,253078387.36,30780000.0,26945492.490000002,43888900.0,30794848.56,132409241.05000001,120669146.31
132,13200,372906491.0,245111280.84000003,17820000.0,26103454.370000005,25859850.0,29832519.28,99615823.65,145495457.19000003,24826310.880000025,0.9687503162054842,1.2057386800120475,0.7523328648367024,-288217.01,354118.05,-0.8139009293652216,228,30780000,384935607.0,253078387.36,30780000.0,26945492.490000002,43888900.0,30794848.56,132409241.05000001,120669146.31
133,13300,372947675.0,245139056.4,17955000.0,26106337.250000004,26065200.0,29835813.999999996,99962351.25,145176705.15,24507558.840000004,0.9688573055285062,1.2030971428026838,0.7549499601183614,-318752.04,346527.6,-0.9198460382376469,228,30780000,384935607.0,253078387.36,30780000.0,26945492.490000002,43888900.0,30794848.56,132409241.05000001,120669146.31
134,13400,373136171.0,245256043.92,18090000.0,26119531.97,26292200.0,29850893.68,100352625.65,144903418.26999998,24234271.95999998,0.9693469874300301,1.2008323809446861,0.7578974462371937,-273286.87999999995,390274.39999999997,-0.7002429060168947,228,30780000,384935607.0,253078387.36,30780000.0,26945492.490000002,43888900.0,30794848.56,132409241.05000001,120669146.31
135,13500,373810718.0,245683518.83999997,18225000.0,26166750.259999998,26485050.0,29904857.439999998,100781657.69999999,144901861.14,24232714.829999983,0.9710993506506141,1.2008194768175946,0.7611376434213009,-1557.1300000000629,429032.05000000005,-0.00362940251200362,228,30780000,384935607.0,253078387.36,30780000.0,26945492.490000002,43888900.0,30794848.56,132409241.05000001,120669146.31
136,13600,373910518.0,245749582.84,18360000.0,26173736.260000005,26683700.0,29912841.44,101130277.7,144619305.14,23950158.829999983,0.9713586147929412,1.1984779006264934,0.7637705412253777,-282556.0,348620.0,-0.8104985370890941,228,30780000,384935607.0,253078387.36,30780000.0,26945492.490000002,43888900.0,30794848.56,132409241.05000001,120669146.31
137,13700,374318518.0,246027022.84000003,18495000.0,26202296.26,26891850.0,29945481.440000005,101534627.70000002,144492395.14000005,23823248.830000043,0.9724185323287071,1.197426181907328,0.7668243311028329,-126910.0,404350.0,-0.3138617534314332,228,30780000,384935607.0,253078387.36,30780000.0,26945492.490000002,43888900.0,30794848.56,132409241.05000001,120669146.31
138,13800,374498164.0,246145100.38,18630000.0,26214871.480000004,27102550.0,29959853.119999997,101907274.6,144237825.77999997,23568679.46999997,0.9728852233719184,1.1953165344308632,0.7696386882960687,-254569.36,372646.89999999997,-0.683138273792161,228,30780000,384935607.0,253078387.36,30780000.0,26945492.490000002,43888900.0,30794848.56,132409241.05000001,120669146.31
139,13900,374597191.0,246210475.00000003,18765000.0,26221803.370000005,27315150.0,29967775.28,102269728.65,143940746.35000002,23271600.04000002,0.9731424793861692,1.1928546007959242,0.7723760655903253,-297079.43,362454.05,-0.8196333576628541,228,30780000,384935607.0,253078387.36,30780000.0,26945492.490000002,43888900.0,30794848.56,132409241.05000001,120669146.31
140,14000,374648143.0,246244004.74000004,18900000.0,26225370.01,27525300.0,29971851.439999998,102622521.45,143621483.29000005,22952336.98000005,0.9732748443819592,1.19020882870121,0.7750404778111217,-319263.06,352792.8,-0.904959114811867,228,30780000,384935607.0,253078387.36,30780000.0,26945492.490000002,43888900.0,30794848.56,132409241.05000001,120669146.31
141,14100,374916343.0,246415280.74000004,19035000.0,26244144.01,27738200.0,29993307.44,103010651.45,143404629.29000005,22735482.98000005,0.9739715842914994,1.188411733033997,0.7779717686857023,-216854.0,388130.0,-0.5587148635766367,228,30780000,384935607.0,253078387.36,30780000.0,26945492.490000002,43888900.0,30794848.56,132409241.05000001,120669146.31
142,14200,375186136.0,246594587.44,19170000.0,26263029.520000003,27951450.0,30014890.88,103399370.4,143195217.04,22526070.72999999,0.974672462555536,1.1866763080608056,0.7809075075126715,-209412.25,388718.95,-0.5387240575742448,228,30780000,384935607.0,253078387.36,30780000.0,26945492.490000002,43888900.0,30794848.56,132409241.05000001,120669146.31
143,14300,375736054.0,246966135.42,19305000.0,26301523.78,28158700.0,30058884.32,103824108.1,143142027.32,22472881.00999999,0.9761010599365,1.1862355183342972,0.7841152722927717,-53189.71999999997,424737.7,-0.12522957109764443,228,30780000,384935607.0,253078387.36,30780000.0,26945492.490000002,43888900.0,30794848.56,132409241.05000001,120669146.31
144,14400,375875454.0,247060927.42000002,19440000.0,26311281.78,28358300.0,30070036.32,104179618.1,142881309.32000002,22212163.01000002,0.9764631984278866,1.1840749163248143,0.7868002057398695,-260718.0,355510.0,-0.7333633371775758,228,30780000,384935607.0,253078387.36,30780000.0,26945492.490000002,43888900.0,30794848.56,132409241.05000001,120669146.31
145,14500,375905454.0,247081327.42000002,19575000.0,26313381.780000005,28575550.0,30072436.319999997,104536368.1,142544959.32000002,21875813.01000002,0.9765411335408106,1.1812875426648075,0.7894945040922428,-336350.0,356750.0,-0.9428170988086896,228,30780000,384935607.0,253078387.36,30780000.0,26945492.490000002,43888900.0,30794848.56,132409241.05000001,120669146.31
146,14600,376293984.0,247345527.82000002,19710000.0,26340578.880000003,28771650.0,30103518.719999995,104925747.6,142419780.22000003,21750633.910000026,0.9775504711882889,1.1802501681260136,0.7924352316193567,-125179.09999999998,389379.5,-0.32148353983709976,228,30780000,384935607.0,253078387.36,30780000.0,26945492.490000002,43888900.0,30794848.56,132409241.05000001,120669146.31
147,14700,376488298.0,247477661.34,19845000.0,26354180.860000003,28980350.0,30119063.840000004,105298594.7,142179066.64,21509920.329999983,0.9780552673060459,1.1782553451960356,0.7952511007916543,-240713.57999999996,372847.1,-0.6456093664132025,228,30780000,384935607.0,253078387.36,30780000.0,26945492.490000002,43888900.0,30794848.56,132409241.05000001,120669146.31
148,14800,376528298.0,247502461.33999997,19980000.0,26356980.860000003,29191550.0,30122263.84,105650794.7,141851666.63999996,21182520.329999954,0.9781591807899445,1.1755421412825935,0.7979110359835416,-327400.0,352200.0,-0.9295854628052242,228,30780000,384935607.0,253078387.36,30780000.0,26945492.490000002,43888900.0,30794848.56,132409241.05000001,120669146.31
149,14900,376549515.0,247516888.9,20115000.0,26358466.05,29395100.0,30123961.199999996,105992527.25,141524361.65,20855215.340000004,0.9782142990996413,1.1728297247286625,0.8004919174030716,-327304.99,341732.55,-0.9577811361545747,228,30780000,384935607.0,253078387.36,30780000.0,26945492.490000002,43888900.0,30794848.56,132409241.05000001,120669146.31
150,15000,376579515.0,247537288.90000004,20250000.0,26360566.049999997,29598250.0,30126361.2,106335177.25,141202111.65000004,20532965.340000033,0.9782922342125653,1.1701591994962048,0.8030797277196536,-322250.0,342650.0,-0.9404640303516708,228,30780000,384935607.0,253078387.36,30780000.0,26945492.490000002,43888900.0,30794848.56,132409241.05000001,120669146.31
151,15100,376601515.0,247551828.90000004,20385000.0,26362106.050000004,29808300.0,30128121.2,106683527.25000001,140868301.65000004,20199155.340000033,0.9783493866287095,1.167392875127402,0.8057105863911301,-333810.0,348350.0,-0.9582603703172097,228,30780000,384935607.0,253078387.36,30780000.0,26945492.490000002,43888900.0,30794848.56,132409241.05000001,120669146.31
152,15200,376620558.0,247563935.56,20520000.0,26363439.060000006,30022750.0,30129644.64,107035833.7,140528101.86,19858955.550000012,0.9783988572405566,1.1645735977859841,0.808371325529926,-340199.79000000004,352306.45,-0.9656359967295519,228,30780000,384935607.0,253078387.36,30780000.0,26945492.490000002,43888900.0,30794848.56,132409241.05000001,120669146.31
153,15300,376848387.0,247717959.28000003,20655000.0,26379387.090000004,30236200.0,30147870.96,107418458.05000001,140299501.23000002,19630354.920000017,0.9789907198686351,1.1626791563567498,0.8112610358474674,-228600.63000000003,382624.35000000003,-0.5974544746041386,228,30780000,384935607.0,253078387.36,30780000.0,26945492.490000002,43888900.0,30794848.56,132409241.05000001,120669146.31
154,15400,376950387.0,247787319.28,20790000.0,26386527.090000004,30444200.0,30156030.959999997,107776758.05,140010561.23,19341414.919999987,0.9792556992525765,1.1602846751754732,0.8139670403314345,-288940.0,358300.0,-0.8064192017862126,228,30780000,384935607.0,253078387.36,30780000.0,26945492.490000002,43888900.0,30794848.56,132409241.05000001,120669146.31
155,15500,377069636.0,247862153.66,20925000.0,26394874.520000003,30641500.0,30165570.880000003,108126945.4,139735208.26,19066061.949999988,0.9795654887286123,1.1580027913765059,0.8166117753002557,-275352.97,350187.35,-0.7863018752676246,228,30780000,384935607.0,253078387.36,30780000.0,26945492.490000002,43888900.0,30794848.56,132409241.05000001,120669146.31
156,15600,377515475.0,248155424.18000004,21060000.0,26426083.25,30854400.0,30201238.0,108541721.25,139613702.93000004,18944556.620000035,0.9807237058223092,1.1569958618198168,0.819744304772601,-121505.32999999996,414775.85,-0.29294215176703264,228,30780000,384935607.0,253078387.36,30780000.0,26945492.490000002,43888900.0,30794848.56,132409241.05000001,120669146.31
157,15700,377515475.0,248155424.18,21195000.0,26426083.25,31076050.0,30201237.999999993,108898371.25,139257052.93,18587906.620000005,0.9807237058223092,1.1540402595726296,0.8224378478906778,-356650.0,356650.0,-1.0,228,30780000,384935607.0,253078387.36,30780000.0,26945492.490000002,43888900.0,30794848.56,132409241.05000001,120669146.31
158,15800,377525475.0,248162224.18,21330000.0,26426783.250000007,31291100.0,30202037.999999996,109249921.25,138912302.93,18243156.620000005,0.9807496841932838,1.1511832740834447,0.8250928740596387,-344750.0,351550.0,-0.9806570900298678,228,30780000,384935607.0,253078387.36,30780000.0,26945492.490000002,43888900.0,30794848.56,132409241.05000001,120669146.31
159,15900,377559475.0,248184144.18,21465000.0,26429163.250000004,31496300.0,30204758.0,109595221.25,138588922.93,17919776.620000005,0.9808380106545976,1.1485033844025379,0.8277006980850752,-323380.0,345300.0,-0.9365189690124529,228,30780000,384935607.0,253078387.36,30780000.0,26945492.490000002,43888900.0,30794848.56,132409241.05000001,120669146.31
160,16000,378181595.0,248606585.78,21600000.0,26472711.650000002,31711550.0,30254527.6,110038789.25,138567796.53,17898650.22,0.9824541770696729,1.1483283073373058,0.8310506757488887,-21126.399999999965,443568.0,-0.047628323053060556,228,30780000,384935607.0,253078387.36,30780000.0,26945492.490000002,43888900.0,30794848.56,132409241.05000001,120669146.31
161,16100,378439860.0,248767082.08,21735000.0,26490790.2,31909700.0,30275188.8,110410679.0,138356403.08,17687256.77000001,0.9831251074676498,1.146576463916976,0.8338593146856497,-211393.45,371889.75,-0.5684304286418219,228,30780000,384935607.0,253078387.36,30780000.0,26945492.490000002,43888900.0,30794848.56,132409241.05000001,120669146.31
162,16200,379037375.0,249172192.28,21870000.0,26532616.250000004,32118800.0,30322990.000000004,110844406.25,138327786.03,17658639.72,0.9846773541009419,1.1463393109174305,0.8371349716304411,-28617.050000000047,433727.25000000006,-0.06597936837032961,228,30780000,384935607.0,253078387.36,30780000.0,26945492.490000002,43888900.0,30794848.56,132409241.05000001,120669146.31
163,16300,379152375.0,249246792.28,22005000.0,26540666.25,32329200.0,30332190.0,111207056.25,138039736.03,17370589.72,0.9849761053671504,1.1439522052751978,0.8398738288063013,-288050.0,362650.0,-0.7942920170963739,228,30780000,384935607.0,253078387.36,30780000.0,26945492.490000002,43888900.0,30794848.56,132409241.05000001,120669146.31
164,16400,379317952.0,249349538.34000003,22140000.0,26552256.64,32532550.0,30345436.160000004,111570242.80000001,137779295.54000005,17110149.23000005,0.9854062474402374,1.1417939030250859,0.842616738191779,-260440.49,363186.55,-0.7170983892437647,228,30780000,384935607.0,253078387.36,30780000.0,26945492.490000002,43888900.0,30794848.56,132409241.05000001,120669146.31
165,16500,379385624.0,249393512.6,22275000.0,26556993.680000003,32737650.0,30350849.92,111920493.60000001,137473019.0,16803872.689999998,0.9855820482722971,1.1392557518127353,0.8452619523567612,-306276.54000000004,350250.80000000005,-0.8744492232423167,228,30780000,384935607.0,253078387.36,30780000.0,26945492.490000002,43888900.0,30794848.56,132409241.05000001,120669146.31
166,16600,379385624.0,249393512.6,22410000.0,26556993.68,32935600.0,30350849.92,112253443.60000001,137140069.0,16470922.689999998,0.9855820482722971,1.1364965543693006,0.8477765049465934,-332950.0,332950.0,-1.0,228,30780000,384935607.0,253078387.36,30780000.0,26945492.490000002,43888900.0,30794848.56,132409241.05000001,120669146.31
167,16700,379396124.0,249400652.60000002,22545000.0,26557728.680000007,33148400.0,30351689.92,112602818.60000001,136797834.0,16128687.689999998,0.9856093255618206,1.1336604109932564,0.8504151047696078,-342235.0,349375.0,-0.9795635062611807,228,30780000,384935607.0,253078387.36,30780000.0,26945492.490000002,43888900.0,30794848.56,132409241.05000001,120669146.31
168,16800,379465387.0,249447157.98000002,22680000.0,26562577.09,33355650.0,30357230.959999997,112955458.05,136491699.93,15822553.620000005,0.9857892595527022,1.1311234404472519,0.8530783588386106,-306134.07,352639.45,-0.8681220152765098,228,30780000,384935607.0,253078387.36,30780000.0,26945492.490000002,43888900.0,30794848.56,132409241.05000001,120669146.31
169,16900,379486769.0,249461564.42,22815000.0,26564073.830000002,33563650.0,30358941.52,113301665.35,136159899.06999996,15490752.75999996,0.9858448065055203,1.1283737660677908,0.8556930351048182,-331800.86,346207.3,-0.9583878214006464,228,30780000,384935607.0,253078387.36,30780000.0,26945492.490000002,43888900.0,30794848.56,132409241.05000001,120669146.31
170,17000,379520164.0,249483889.32,22950000.0,26566411.480000004,33765450.0,30361613.120000005,113643474.60000001,135840414.71999997,15171268.409999967,0.9859315612753902,1.1257261601157338,0.8582744957890536,-319484.35,341809.25,-0.9346860858797706,228,30780000,384935607.0,253078387.36,30780000.0,26945492.490000002,43888900.0,30794848.56,132409241.05000001,120669146.31
171,17100,379676175.0,249582536.14000002,23085000.0,26577332.250000004,33984150.0,30374094.0,114020576.25,135561959.89000002,14892813.580000013,0.9863368524388029,1.1234185708229032,0.8611224967821081,-278454.83,377101.65,-0.7384078802094873,228,30780000,384935607.0,253078387.36,30780000.0,26945492.490000002,43888900.0,30794848.56,132409241.05000001,120669146.31
172,17200,380277154.0,249984838.74,23220000.0,26619400.78,34192800.0,30422172.320000004,114454373.10000001,135530465.64000002,14861319.330000013,0.9878980979798005,1.12315757411444,0.8643986793699698,-31494.25,433796.85000000003,-0.07260138011606124,228,30780000,384935607.0,253078387.36,30780000.0,26945492.490000002,43888900.0,30794848.56,132409241.05000001,120669146.31
173,17300,380427273.0,250086748.36,23355000.0,26629909.11,34408750.0,30434181.84,114827840.95,135258907.41,14589761.099999994,0.9882880826870349,1.1209071377907887,0.8672192366591621,-271558.23000000004,373467.85000000003,-0.7271261234400767,228,30780000,384935607.0,253078387.36,30780000.0,26945492.490000002,43888900.0,30794848.56,132409241.05000001,120669146.31
174,17400,380502743.0,250133539.76,23490000.0,26635192.01,34619200.0,30440219.439999998,115184611.45,134948928.31,14279782.0,0.9884841414527807,1.1183383030100762,0.8699136898345661,-309979.1,356770.5,-0.868847340236931,228,30780000,384935607.0,253078387.36,30780000.0,26945492.490000002,43888900.0,30794848.56,132409241.05000001,120669146.31
175,17500,380645193.0,250230405.76000002,23625000.0,26645163.510000005,34827500.0,30451615.44,115549278.95,134681126.81,14011980.5,0.9888542033473147,1.116118999168214,0.872667783862356,-267801.5,364667.5,-0.7343717221852784,228,30780000,384935607.0,253078387.36,30780000.0,26945492.490000002,43888900.0,30794848.56,132409241.05000001,120669146.31
176,17600,380654493.0,250236729.76000002,23760000.0,26645814.510000005,35033450.0,30452359.440000005,115891623.95000002,134345105.81,13675959.5,0.988878363232321,1.1133343519715169,0.8752532907143342,-336021.0,342345.0,-0.9815274065635543,228,30780000,384935607.0,253078387.36,30780000.0,26945492.490000002,43888900.0,30794848.56,132409241.05000001,120669146.31
177,17700,380782865.0,250316529.68,23895000.0,26654800.550000004,35240850.0,30462629.200000003,116253279.75000001,134063249.92999999,13394103.61999999,0.9892118527761969,1.110998577760635,0.8779846393508197,-281855.88000000006,361655.80000000005,-0.7793484301924648,228,30780000,384935607.0,253078387.36,30780000.0,26945492.490000002,43888900.0,30794848.56,132409241.05000001,120669146.31
178,17800,380784865.0,250317769.68,24030000.0,26654940.550000004,35458450.0,30462789.2,116606179.75000001,133711589.92999999,13042443.61999999,0.9892170484503918,1.1080843282548287,0.8806498611827819,-351660.0,352900.0,-0.9964862567299518,228,30780000,384935607.0,253078387.36,30780000.0,26945492.490000002,43888900.0,30794848.56,132409241.05000001,120669146.31
179,17900,381011180.0,250470084.98000002,24165000.0,26670782.600000005,35661600.0,30480894.400000002,116978277.00000001,133491807.98000002,12822661.670000017,0.9898049779531047,1.1062629683072298,0.8834600672307079,-219781.95,372097.25,-0.5906572811274472,228,30780000,384935607.0,253078387.36,30780000.0,26945492.490000002,43888900.0,30794848.56,132409241.05000001,120669146.31
180,18000,381059137.0,250501229.52000004,24300000.0,26674139.590000004,35858850.0,30484730.96,117317720.55000001,133183508.97000003,12514362.660000026,0.9899295624267879,1.1037080566381943,0.8860236613371933,-308299.01,339443.55,-0.9082482492302476,228,30780000,384935607.0,253078387.36,30780000.0,26945492.490000002,43888900.0,30794848.56,132409241.05000001,120669146.31
181,18100,381804137.0,251007829.51999998,24435000.0,26726289.589999996,36065350.0,30544330.96,117770970.55000001,133236858.96999997,12567712.659999967,0.9918649510643998,1.1041501746247,0.8894467607855834,53350.00000000006,453250.0,0.11770546056260354,228,30780000,384935607.0,253078387.36,30780000.0,26945492.490000002,43888900.0,30794848.56,132409241.05000001,120669146.31
182,18200,381854137.0,251041829.52,24570000.0,26729789.59,36269600.0,30548330.96,118117720.55000001,132924108.97,12254962.659999996,0.991994842919273,1.1015583770561939,0.8920655357083176,-312750.0,346750.0,-0.9019466474405191,228,30780000,384935607.0,253078387.36,30780000.0,26945492.490000002,43888900.0,30794848.56,132409241.05000001,120669146.31
183,18300,381982502.0,251127617.72,24705000.0,26738775.14,36477500.0,30558600.16,118479875.3,132647742.41999999,11978596.109999985,0.9923283142782892,1.0992680935955814,0.8948006525863248,-276366.55,362154.75,-0.7631172861877416,228,30780000,384935607.0,253078387.36,30780000.0,26945492.490000002,43888900.0,30794848.56,132409241.05000001,120669146.31
184,18400,381982503.0,251127618.40000004,24840000.0,26738775.210000005,36673300.0,30558600.240000002,118810675.45000002,132316942.95000002,11647796.640000015,0.9923283168761262,1.0965267178577425,0.8972989687716363,-330799.47000000003,330800.15,-0.9999979443781993,228,30780000,384935607.0,253078387.36,30780000.0,26945492.490000002,43888900.0,30794848.56,132409241.05000001,120669146.31
185,18500,382001512.0,251140544.52000004,24975000.0,26740105.840000007,36872700.0,30560120.96,119147926.80000001,131992617.72000003,11323471.410000026,0.992377699161512,1.0938389949400151,0.8998460066318763,-324325.23,337251.35,-0.9616721474947395,228,30780000,384935607.0,253078387.36,30780000.0,26945492.490000002,43888900.0,30794848.56,132409241.05000001,120669146.31
186,18600,382196770.0,251261004.48000002,25110000.0,26753773.900000002,37072400.0,30575741.6,119511915.5,131749088.98000002,11079942.670000017,0.9928849476374889,1.0918208424342006,0.9025949741292622,-243528.74000000002,363988.7,-0.6690557701379192,228,30780000,384935607.0,253078387.36,30780000.0,26945492.490000002,43888900.0,30794848.56,132409241.05000001,120669146.31
187,18700,382241626.0,251289158.88,25245000.0,26756913.82,37261300.0,30579330.080000002,119842543.89999999,131446614.98,10777468.670000002,0.9930014762183328,1.089314203336722,0.9050919931996694,-302474.0,330628.4,-0.9148457906217372,228,30780000,384935607.0,253078387.36,30780000.0,26945492.490000002,43888900.0,30794848.56,132409241.05000001,120669146.31
188,18800,382319133.0,251341863.64,25380000.0,26762339.310000002,37444900.0,30585530.640000004,120172769.95,131169093.68999998,10499947.37999998,0.993202826778246,1.0870143504042493,0.9075859735848851,-277521.29,330226.05,-0.8403979334761749,228,30780000,384935607.0,253078387.36,30780000.0,26945492.490000002,43888900.0,30794848.56,132409241.05000001,120669146.31
189,18900,382417058.0,251408452.64,25515000.0,26769194.060000002,37620550.0,30593364.64,120498108.7,130910343.93999998,10241197.62999998,0.9934572199760153,1.0848700595236687,0.9100430434043334,-258749.75,325338.75,-0.7953241044910881,228,30780000,384935607.0,253078387.36,30780000.0,26945492.490000002,43888900.0,30794848.56,132409241.05000001,120669146.31
190,19000,382457971.0,251435678.7,25650000.0,26772057.97,37802750.0,30596637.680000003,120821445.65,130614233.04999998,9945086.73999998,0.993563505285184,1.082416152298376,0.9124849949436364,-296110.89,323336.95,-0.9157966325840582,228,30780000,384935607.0,253078387.36,30780000.0,26945492.490000002,43888900.0,30794848.56,132409241.05000001,120669146.31
191,19100,382462471.0,251438648.70000002,25785000.0,26772372.970000006,37992100.0,30596997.68,121146470.65,130292178.05000001,9623031.74000001,0.9935751955521226,1.07974724305481,0.9149396952154798,-322055.0,325025.0,-0.9908622413660487,228,30780000,384935607.0,253078387.36,30780000.0,26945492.490000002,43888900.0,30794848.56,132409241.05000001,120669146.31
192,19200,382509471.0,251470608.7,25920000.0,26775662.97,38167350.0,30600757.68,121463770.65,130006838.04999998,9337691.73999998,0.9936972938957035,1.0773825955146097,0.9173360536379269,-285340.0,317300.0,-0.899275133942641,228,30780000,384935607.0,253078387.36,30780000.0,26945492.490000002,43888900.0,30794848.56,132409241.05000001,120669146.31
193,19300,382575604.0,251512541.22000003,26055000.0,26780292.280000005,38342500.0,30606048.32,121783840.6,129728700.62000003,9059554.310000032,0.9938690966564702,1.0750776365544674,0.9197533316727668,-278137.43,320069.95,-0.8689895130736265,228,30780000,384935607.0,253078387.36,30780000.0,26945492.490000002,43888900.0,30794848.56,132409241.05000001,120669146.31
194,19400,382644212.0,251558894.66,26190000.0,26785094.840000004,38527850.0,30611536.959999997,122114481.8,129444412.86,8775266.549999997,0.994047329064053,1.0727217090560686,0.9222504474131641,-284287.76,330641.2,-0.8598074287172923,228,30780000,384935607.0,253078387.36,30780000.0,26945492.490000002,43888900.0,30794848.56,132409241.05000001,120669146.31
195,19500,382837529.0,251681225.6,26325000.0,26798627.030000005,38710150.0,30627002.32,122460779.35,129220446.25,8551299.939999998,0.9945495351382238,1.0708656703183401,0.9248658052783242,-223966.61,346297.55,-0.6467461580366364,228,30780000,384935607.0,253078387.36,30780000.0,26945492.490000002,43888900.0,30794848.56,132409241.05000001,120669146.31
196,19600,382879407.0,251708689.96000004,26460000.0,26801558.49000001,38885350.0,30630352.56,122777261.05000001,128931428.91000003,8262282.600000024,0.9946583273601914,1.068470548211008,0.927255983618524,-289017.33999999997,316481.69999999995,-0.9132197533064313,228,30780000,384935607.0,253078387.36,30780000.0,26945492.490000002,43888900.0,30794848.56,132409241.05000001,120669146.31
197,19700,382921407.0,251732629.96,26595000.0,26804498.490000002,39055850.0,30633712.56,123089061.05000001,128643568.91,7974422.599999994,0.994767436518285,1.066085017122054,0.9296108041546697,-287860.0,311800.0,-0.9232200128287363,228,30780000,384935607.0,253078387.36,30780000.0,26945492.490000002,43888900.0,30794848.56,132409241.05000001,120669146.31
198,19800,382940858.0,251745856.64,26730000.0,26805860.060000002,39222750.0,30635268.640000004,123393878.7,128351977.93999998,7682831.62999998,0.9948179670476678,1.0636685670275874,0.9319128915889212,-291590.97000000003,304817.65,-0.9566078932765213,228,30780000,384935607.0,253078387.36,30780000.0,26945492.490000002,43888900.0,30794848.56,132409241.05000001,120669146.31
199,19900,383015358.0,251792046.64000002,26865000.0,26811075.060000006,39394100.0,30641228.64,123711403.7,128080642.94000001,7411496.63000001,0.995011505911429,1.061419980638297,0.9343109492885353,-271335.0,317525.0,-0.8545311392803716,228,30780000,384935607.0,253078387.36,30780000.0,26945492.490000002,43888900.0,30794848.56,132409241.05000001,120669146.31
200,20000,383033703.0,251804521.24,27000000.0,26812359.21,39567350.0,30642696.240000002,124022405.45000002,127782115.78999999,7112969.479999989,0.9950591632329819,1.0589460495703409,0.9366597411669101,-298527.15,311001.75,-0.9598889716858507,228,30780000,384935607.0,253078387.36,30780000.0,26945492.490000002,43888900.0,30794848.56,132409241.05000001,120669146.31
201,20100,383451134.0,252088374.32,27135000.0,26841579.380000003,39733950.0,30676090.72,124386620.1,127701754.22,7032607.909999996,0.9961435809704141,1.0582800833937547,0.9394104151161886,-80361.57,364214.65,-0.22064343100970815,228,30780000,384935607.0,253078387.36,30780000.0,26945492.490000002,43888900.0,30794848.56,132409241.05000001,120669146.31
202,20200,383479966.0,252107870.58,27270000.0,26843597.620000005,39897500.0,30678397.28,124689494.9,127418375.68,6749229.370000005,0.9962184818096083,1.055931690712895,0.941697829480913,-283378.54,302874.8,-0.9356293095364817,228,30780000,384935607.0,253078387.36,30780000.0,26945492.490000002,43888900.0,30794848.56,132409241.05000001,120669146.31
203,20300,383503796.0,252122765.18,27405000.0,26845265.720000006,40057950.0,30680303.679999996,124988519.39999999,127134245.78000002,6465099.470000014,0.9962803882676409,1.053577071419658,0.9439561650595231,-284129.9,299024.5,-0.9501893657543112,228,30780000,384935607.0,253078387.36,30780000.0,26945492.490000002,43888900.0,30794848.56,132409241.05000001,120669146.31
204,20400,383533796.0,252143165.18,27540000.0,26847365.72,40217000.0,30682703.68,125287069.4,126856095.78,6186949.469999999,0.9963583233805647,1.051272008290385,0.9462109170513971,-278150.0,298550.0,-0.9316697370624686,228,30780000,384935607.0,253078387.36,30780000.0,26945492.490000002,43888900.0,30794848.56,132409241.05000001,120669146.31
205,20500,383548329.0,252152687.62,27675000.0,26848383.03,40374450.0,30683866.320000004,125581699.35000001,126570988.27,5901841.959999993,0.9963960777471023,1.0489092874232997,0.9484360634812353,-285107.51,294629.95,-0.9676799999456945,228,30780000,384935607.0,253078387.36,30780000.0,26945492.490000002,43888900.0,30794848.56,132409241.05000001,120669146.31
206,20600,383573131.0,252168064.85999998,27810000.0,26850119.17,40532250.0,30685850.480000004,125878219.65,126289845.21,5620698.899999991,0.9964605093027936,1.0465794204390937,0.9506754864825955,-281143.06,296520.3,-0.9481410210363338,228,30780000,384935607.0,253078387.36,30780000.0,26945492.490000002,43888900.0,30794848.56,132409241.05000001,120669146.31
207,20700,383656946.0,252223424.06000003,27945000.0,26855986.220000006,40689900.0,30692555.680000003,126183441.9,126039982.16000003,5370835.850000024,0.9966782470191177,1.0445087747302222,0.9529806295948102,-249863.05,305222.25,-0.8186265909513477,228,30780000,384935607.0,253078387.36,30780000.0,26945492.490000002,43888900.0,30794848.56,132409241.05000001,120669146.31
208,20800,383761049.0,252288087.92,28080000.0,26863273.43,40848700.0,30700883.92,126492857.35000001,125795230.56999998,5126084.259999976,0.9969486896544751,1.0424804883166325,0.9553174411915414,-244751.58999999997,309415.44999999995,-0.7910128275753522,228,30780000,384935607.0,253078387.36,30780000.0,26945492.490000002,43888900.0,30794848.56,132409241.05000001,120669146.31
209,20900,383761049.0,252288087.92000002,28215000.0,26863273.43,41006050.0,30700883.92,126785207.35000001,125502880.57000001,4833734.260000005,0.9969486896544751,1.040057748047559,0.9575253686570391,-292350.0,292350.0,-1.0,228,30780000,384935607.0,253078387.36,30780000.0,26945492.490000002,43888900.0,30794848.56,132409241.05000001,120669146.31
210,21000,383856049.0,252348487.92,28350000.0,26869923.430000003,41157250.0,30708483.919999998,127085657.35000001,125262830.56999998,4593684.259999976,0.9971954841787344,1.0380684242863438,0.9597944701005444,-240050.0,300450.0,-0.798968214345149,228,30780000,384935607.0,253078387.36,30780000.0,26945492.490000002,43888900.0,30794848.56,132409241.05000001,120669146.31
211,21100,383856259.0,252348630.72,28485000.0,26869938.130000003,41312300.0,30708500.720000003,127375738.85,124972891.87,4303745.560000002,0.9971960297245248,1.0356656667558055,0.9619852650760283,-289938.7,290081.5,-0.9995077245532722,228,30780000,384935607.0,253078387.36,30780000.0,26945492.490000002,43888900.0,30794848.56,132409241.05000001,120669146.31
212,21200,383861259.0,252352030.72000003,28620000.0,26870288.130000003,41469450.0,30708900.72,127668638.85,124683391.87000003,4014245.560000032,0.9972090189100121,1.0332665447859173,0.9641973463301562,-289500.0,292900.0,-0.9883919426425402,228,30780000,384935607.0,253078387.36,30780000.0,26945492.490000002,43888900.0,30794848.56,132409241.05000001,120669146.31
213,21300,383866059.0,252355294.72,28755000.0,26870624.130000003,41626800.0,30709284.72,127961708.85,124393585.87,3724439.5600000024,0.99722148852808,1.0308648869565373,0.9664107114825878,-289806.0,293070.0,-0.9888627290408435,228,30780000,384935607.0,253078387.36,30780000.0,26945492.490000002,43888900.0,30794848.56,132409241.05000001,120669146.31
214,21400,383866059.0,252355294.72000003,28890000.0,26870624.130000006,41783100.0,30709284.72,128253008.85000001,124102285.87000003,3433139.560000032,0.99722148852808,1.028450848166111,0.9686107089879736,-291300.0,291300.0,-1.0,228,30780000,384935607.0,253078387.36,30780000.0,26945492.490000002,43888900.0,30794848.56,132409241.05000001,120669146.31
215,21500,383936059.0,252398694.72,29025000.0,26875524.130000003,41935250.0,30714884.72,128550658.85,123848035.87,3178889.5600000024,0.9974033371249026,1.0263438472650948,0.9708586638711799,-254250.0,297650.0,-0.8541911641189316,228,30780000,384935607.0,253078387.36,30780000.0,26945492.490000002,43888900.0,30794848.56,132409241.05000001,120669146.31
216,21600,384072244.0,252491300.52,29160000.0,26885057.080000002,42093050.0,30725779.520000003,128863886.6,123627413.91999999,2958267.6099999845,0.9977571235700209,1.0245155261345777,0.9732242672649922,-220621.94999999998,313227.75,-0.70434994983682,228,30780000,384935607.0,253078387.36,30780000.0,26945492.490000002,43888900.0,30794848.56,132409241.05000001,120669146.31
217,21700,384102476.0,252511858.28000003,29295000.0,26887173.32,42252400.0,30728198.079999994,129162771.39999999,123349086.88000004,2679940.5700000376,0.9978356613811514,1.0222089958531342,0.9754815477812905,-278327.04,298884.8,-0.9312184493825045,228,30780000,384935607.0,253078387.36,30780000.0,26945492.490000002,43888900.0,30794848.56,132409241.05000001,120669146.31
218,21800,384103078.0,252512267.64000002,29430000.0,26887215.460000005,42412700.0,30728246.24,129458161.7,123054105.94000001,2384959.63000001,0.9978372252790841,1.0197644526619343,0.9777124366351014,-294980.94,295390.3,-0.9986141725032949,228,30780000,384935607.0,253078387.36,30780000.0,26945492.490000002,43888900.0,30794848.56,132409241.05000001,120669146.31
219,21900,384113078.0,252519067.64,29565000.0,26887915.46,42569750.0,30729046.240000002,129751711.70000002,122767355.93999997,2098209.6299999654,0.9978632036500588,1.0173881202789787,0.9799294269121559,-286750.0,293550.0,-0.9768352921137796,228,30780000,384935607.0,253078387.36,30780000.0,26945492.490000002,43888900.0,30794848.56,132409241.05000001,120669146.31
220,22000,384133878.0,252533211.64000002,29700000.0,26889371.46,42725050.0,30730710.24,130045131.7,122488079.94000001,1818933.6300000101,0.9979172386616861,1.0150737258497475,0.9821454353846248,-279276.0,293420.0,-0.9517960602549247,228,30780000,384935607.0,253078387.36,30780000.0,26945492.490000002,43888900.0,30794848.56,132409241.05000001,120669146.31
221,22100,384133878.0,252533211.64,29835000.0,26889371.46,42882600.0,30730710.240000002,130337681.70000002,122195529.93999997,1526383.6299999654,0.9979172386616861,1.012649328156169,0.9843548733187154,-292550.0,292550.0,-1.0,228,30780000,384935607.0,253078387.36,30780000.0,26945492.490000002,43888900.0,30794848.56,132409241.05000001,120669146.31
222,22200,384299242.0,252645659.16,29970000.0,26900946.94,43040150.0,30743939.36,130655036.3,121990622.86,1321476.549999997,0.9983468273954713,1.0109512380787473,0.9867516440990882,-204907.07999999996,317354.6,-0.6456723173383968,228,30780000,384935607.0,253078387.36,30780000.0,26945492.490000002,43888900.0,30794848.56,132409241.05000001,120669146.31
223,22300,384314854.0,252656275.32,30105000.0,26902039.78,43196000.0,30745188.32,130948228.1,121708047.22,1038900.9099999964,0.998387384828237,1.0086094991285597,0.988965929126893,-282575.64,293191.8,-0.9637910746480632,228,30780000,384935607.0,253078387.36,30780000.0,26945492.490000002,43888900.0,30794848.56,132409241.05000001,120669146.31
224,22400,384422867.0,252729724.16,30240000.0,26909600.69,43349250.0,30753829.360000003,131252680.05,121477044.11,807897.799999997,0.9986679850066456,1.0066951480532107,0.9912652546693227,-231003.11,304451.95,-0.7587506337206905,228,30780000,384935607.0,253078387.36,30780000.0,26945492.490000002,43888900.0,30794848.56,132409241.05000001,120669146.31
225,22500,384533229.0,252804770.32,30375000.0,26917326.03,43506050.0,30762658.320000004,131561034.35000001,121243735.96999998,574589.6599999815,0.998954687504396,1.0047616949118365,0.9935940520973177,-233308.13999999998,308354.3,-0.7566235982439681,228,30780000,384935607.0,253078387.36,30780000.0,26945492.490000002,43888900.0,30794848.56,132409241.05000001,120669146.31
226,22600,384933229.0,253076770.32,30510000.0,26945326.030000005,43658900.0,30794658.32,131908884.35,121167885.97,498739.6599999964,0.9999938223433822,1.0041331166686034,0.996221134597312,-75850.0,347850.0,-0.21805375880408223,228,30780000,384935607.0,253078387.36,30780000.0,26945492.490000002,43888900.0,30794848.56,132409241.05000001,120669146.31
227,22700,384933229.0,253076770.32000002,30645000.0,26945326.03,43816250.0,30794658.319999997,132201234.35,120875535.97000003,206389.66000002623,0.9999938223433822,1.0017103763995296,0.9984290620628097,-292350.0,292350.0,-1.0,228,30780000,384935607.0,253078387.36,30780000.0,26945492.490000002,43888900.0,30794848.56,132409241.05000001,120669146.31
228,22746,384935607.0,253078387.35999998,30780000.0,26945492.490000006,43888900.0,30794848.56,132409241.05000001,120669146.30999997,-2.9802322387695312e-08,1.0,0.9999999999999998,1.0,-292039.66,293656.69999999995,-0.994493433999633,228,30780000,384935607.0,253078387.36,30780000.0,26945492.490000002,43888900.0,30794848.56,132409241.05000001,120669146.31
